{
  "train_loss": [
    2.3381548930125633,
    2.2306049340849468,
    2.1832545426241152,
    2.12678838231761,
    2.0473373414604525,
    1.8701356376052662,
    1.7950610347614167,
    1.7354076812221746,
    1.6866904140278032,
    1.616589369287916,
    1.3726100648284718,
    1.1740175576726342,
    1.0750770724503098,
    1.1401500588010072,
    1.0123246817072487,
    1.10731893967671,
    0.9579164404777964,
    0.9461038063286217,
    1.0135666257256915,
    1.0098953501434083,
    1.0020905326885783,
    0.972918350225801,
    0.8495822693132291,
    0.7696499285424591,
    0.7326542211186354,
    0.6831977693897904,
    0.753485454115898,
    0.6687962817158669,
    0.5846192035705421,
    0.6511785422161127,
    0.5612412011547453,
    0.4983992096345136,
    0.4949888537643821,
    0.47210841023238603,
    0.529368181327346,
    0.5041805388061864,
    0.47094828896461777,
    0.430323002254887,
    0.40977700728519706,
    0.5254634227722313,
    0.3996684979291479,
    0.3909172781143978,
    0.63041737685158,
    0.5827364230611521,
    0.7059907220351468,
    0.46976342692876316,
    0.31408011571616884,
    0.2939151593833972,
    0.24954193170852723,
    0.23956119392518024
  ],
  "train_acc": [
    0.001393312101910828,
    0.003284235668789809,
    0.004777070063694267,
    0.005075636942675159,
    0.006369426751592357,
    0.011743630573248409,
    0.014530254777070064,
    0.01582404458598726,
    0.02129777070063694,
    0.03144904458598726,
    0.07215366242038217,
    0.06956608280254777,
    0.07155652866242038,
    0.07185509554140128,
    0.08618630573248408,
    0.07245222929936306,
    0.09474522292993631,
    0.10439888535031847,
    0.10360270700636942,
    0.1032046178343949,
    0.11275875796178345,
    0.1142515923566879,
    0.15943471337579618,
    0.21019108280254778,
    0.23805732484076433,
    0.276671974522293,
    0.2620421974522293,
    0.30772292993630573,
    0.37509952229299365,
    0.36315684713375795,
    0.40644904458598724,
    0.46695859872611467,
    0.4892515923566879,
    0.5100517515923567,
    0.4729299363057325,
    0.5249800955414012,
    0.5416998407643312,
    0.602109872611465,
    0.607484076433121,
    0.5410031847133758,
    0.6284832802547771,
    0.660031847133758,
    0.5261743630573248,
    0.5548367834394905,
    0.482484076433121,
    0.5995222929936306,
    0.7296974522292994,
    0.7697054140127388,
    0.79796974522293,
    0.81359474522293
  ],
  "val_loss": [
    2.233590841293335,
    2.170952580869198,
    2.137606769800186,
    2.0792632214725018,
    1.8571641221642494,
    1.7542819529771805,
    1.6945053488016129,
    1.6651098132133484,
    1.6135136634111404,
    1.427330207079649,
    1.283275593072176,
    1.0861860439181328,
    1.0822523050010204,
    0.9474346861243248,
    1.7004015482962132,
    0.9858535826206207,
    0.8920089546591043,
    0.8784927781671286,
    0.9953801222145557,
    0.9614698700606823,
    1.161305695772171,
    0.8042587675154209,
    0.7089510392397642,
    0.662732969969511,
    0.6633392795920372,
    0.5310700768604875,
    0.5987663306295872,
    0.5613318337127566,
    0.5241899704560637,
    0.47644380759447813,
    0.45212470926344395,
    0.37442733254283667,
    0.3565442832186818,
    0.4322882145643234,
    0.32705854158848524,
    0.3580420911312103,
    0.32543331664055586,
    0.3459277763031423,
    0.27279854845255613,
    0.3786890357732773,
    0.17731900233775377,
    0.21042958344332874,
    0.33470853650942445,
    0.4559948844835162,
    0.574400900863111,
    0.24339548498392105,
    0.15933912177570164,
    0.14357706438750029,
    0.2616391032934189,
    0.28250889852643013
  ],
  "val_acc": [
    0.001953125,
    0.0009765625,
    0.00439453125,
    0.00634765625,
    0.01611328125,
    0.01513671875,
    0.017578125,
    0.01806640625,
    0.029296875,
    0.0712890625,
    0.07421875,
    0.0693359375,
    0.0830078125,
    0.0830078125,
    0.04931640625,
    0.08349609375,
    0.10888671875,
    0.1337890625,
    0.10205078125,
    0.11181640625,
    0.0986328125,
    0.16943359375,
    0.24609375,
    0.2724609375,
    0.349609375,
    0.37841796875,
    0.3642578125,
    0.38818359375,
    0.44287109375,
    0.49169921875,
    0.52783203125,
    0.669921875,
    0.66162109375,
    0.53662109375,
    0.69482421875,
    0.62255859375,
    0.77294921875,
    0.7138671875,
    0.81689453125,
    0.78125,
    0.8798828125,
    0.8828125,
    0.76708984375,
    0.63916015625,
    0.57421875,
    0.8671875,
    0.9169921875,
    0.935546875,
    0.873046875,
    0.86669921875
  ],
  "test_loss": 0.1460659373551607,
  "test_acc": 0.9306640625
}