{
  "train_loss": [
    0.6996565634691263,
    0.6933872699737549,
    0.6940788347509843,
    0.6935659933693802,
    0.6930736129796957,
    0.6922803015648564,
    0.6908339171469966,
    0.6894085188455219,
    0.6888896611672414,
    0.6842076257814335,
    0.6799607593801957,
    0.6741760878623286,
    0.6636480093002319,
    0.6508148931249788,
    0.6324633623980269,
    0.6119725885270517,
    0.5984711843200877,
    0.5751412031771261,
    0.5526735658132578,
    0.5139758164369608,
    0.4888893475260916,
    0.45179481031019475,
    0.4157806619813171,
    0.3799604924419258,
    0.33649728475492213,
    0.31751018951210797,
    0.2962182582933692,
    0.27677796045436137,
    0.24711107717284672,
    0.23704359727569774,
    0.21629991976520682,
    0.21197625381659857,
    0.20330696694458586,
    0.1862102021710782,
    0.18584616802915743,
    0.17810396944420248,
    0.1674857166937635,
    0.1567164544440523,
    0.15903999274478683,
    0.1538227136376538,
    0.15127825355039368,
    0.14423644853920875,
    0.13401759877989564,
    0.13130686450985413,
    0.12810202650254285,
    0.1235631626995304,
    0.125056192278862,
    0.1255461025653006,
    0.1257968826714573,
    0.11370730183169811
  ],
  "train_acc": [
    0.5035,
    0.509,
    0.5087,
    0.5058,
    0.5138,
    0.5145,
    0.5268,
    0.53,
    0.5364,
    0.5502,
    0.5567,
    0.5749,
    0.591,
    0.6078,
    0.6333,
    0.6572,
    0.6698,
    0.6939,
    0.7169,
    0.7395,
    0.7632,
    0.7862,
    0.8076,
    0.833,
    0.8519,
    0.867,
    0.8755,
    0.8868,
    0.901,
    0.9045,
    0.9133,
    0.9185,
    0.923,
    0.9265,
    0.9263,
    0.9324,
    0.9362,
    0.9399,
    0.9397,
    0.9424,
    0.9452,
    0.9445,
    0.9492,
    0.9512,
    0.9521,
    0.9567,
    0.9518,
    0.9557,
    0.9534,
    0.9584
  ],
  "val_loss": [
    0.6948059722781181,
    0.6975319907069206,
    0.6944791600108147,
    0.6937863528728485,
    0.6948981657624245,
    0.693591944873333,
    0.6955714672803879,
    0.7068159021437168,
    0.6967663839459419,
    0.7047741152346134,
    0.7009999491274357,
    0.708320040255785,
    0.7197515144944191,
    0.701575543731451,
    0.7101862207055092,
    0.6973295696079731,
    0.7012664079666138,
    0.6583498790860176,
    0.626924779266119,
    0.6238370276987553,
    0.5415221136063337,
    0.49384172447025776,
    0.45638151094317436,
    0.42955393716692924,
    0.3770132977515459,
    0.36080918088555336,
    0.3270175512880087,
    0.3129287902265787,
    0.2644151132553816,
    0.2908018147572875,
    0.26245673559606075,
    0.24424773268401623,
    0.2002756716683507,
    0.2149149775505066,
    0.2092482903972268,
    0.1953227175399661,
    0.1933216042816639,
    0.17586017400026321,
    0.18876648787409067,
    0.19098524702712893,
    0.18405699729919434,
    0.1814960311166942,
    0.16478098835796118,
    0.18048587068915367,
    0.15785338124260306,
    0.17243823921307921,
    0.1592913093045354,
    0.15962278237566352,
    0.16693039191886783,
    0.16512270038947463
  ],
  "val_acc": [
    0.493,
    0.494,
    0.4945,
    0.5085,
    0.502,
    0.4965,
    0.493,
    0.4995,
    0.492,
    0.5,
    0.504,
    0.5045,
    0.5195,
    0.5345,
    0.56,
    0.584,
    0.595,
    0.619,
    0.656,
    0.684,
    0.7295,
    0.7585,
    0.7935,
    0.804,
    0.826,
    0.844,
    0.8555,
    0.874,
    0.8865,
    0.879,
    0.899,
    0.905,
    0.9235,
    0.9175,
    0.926,
    0.931,
    0.929,
    0.9365,
    0.933,
    0.9325,
    0.9355,
    0.9355,
    0.942,
    0.94,
    0.945,
    0.9405,
    0.9455,
    0.946,
    0.944,
    0.9465
  ],
  "test_loss": 0.16823977255262434,
  "test_acc": 0.9495
}