{
  "train_loss": [
    0.7066861987113953,
    0.6962541809564904,
    0.6959128251558617,
    0.6942152297949489,
    0.6937078305437595,
    0.6931362514254413,
    0.693095369429528,
    0.6930605505086198,
    0.6930071281481393,
    0.6931010265893573,
    0.6931111397622507,
    0.6929526389399662,
    0.6930410914783236,
    0.6930080448524861,
    0.6930691199966624,
    0.6929957610142382,
    0.6930143825615509,
    0.6929530207114883,
    0.6930437548251092,
    0.6929863464983204,
    0.6929413472549825,
    0.692930826657935,
    0.6929944693287716,
    0.6929851106450527,
    0.6930642037452022,
    0.6929808681524252,
    0.6930183602284782,
    0.6929032281984256,
    0.6929554365858247,
    0.6930575234980523,
    0.6929287978365452,
    0.6930308968205995,
    0.6929568233369272,
    0.6929277943659432,
    0.6929013200953037,
    0.6930560175376602,
    0.6929273265826551,
    0.6930303075645543,
    0.692978124075298,
    0.6929013283946847,
    0.6929783255239076,
    0.6929782515839685,
    0.6929526962811434,
    0.6929526185687584,
    0.6930038144316855,
    0.6929010311259499,
    0.692926629434658,
    0.6929780614526966,
    0.6929780584347399,
    0.6928494685812842
  ],
  "train_acc": [
    0.4949,
    0.4987,
    0.4991,
    0.5025,
    0.5043,
    0.5093,
    0.5051,
    0.5093,
    0.5093,
    0.5093,
    0.5093,
    0.5093,
    0.5093,
    0.5093,
    0.5093,
    0.5093,
    0.5093,
    0.5093,
    0.5093,
    0.5093,
    0.5093,
    0.5093,
    0.5093,
    0.5093,
    0.5093,
    0.5093,
    0.5093,
    0.5093,
    0.5093,
    0.5093,
    0.5093,
    0.5093,
    0.5093,
    0.5093,
    0.5093,
    0.5093,
    0.5093,
    0.5093,
    0.5093,
    0.5093,
    0.5093,
    0.5093,
    0.5093,
    0.5093,
    0.5093,
    0.5093,
    0.5093,
    0.5093,
    0.5093,
    0.5093
  ],
  "val_loss": [
    0.7010406143963337,
    0.6969409696757793,
    0.6933780200779438,
    0.6933341771364212,
    0.6940059512853622,
    0.6933532766997814,
    0.6935677789151669,
    0.6936376467347145,
    0.6933658421039581,
    0.6934888623654842,
    0.6934442259371281,
    0.6934675052762032,
    0.6934954188764095,
    0.6935096494853497,
    0.6935490034520626,
    0.6934816613793373,
    0.6934860907495022,
    0.693538349121809,
    0.6935259848833084,
    0.6935284398496151,
    0.6935254074633121,
    0.6935431212186813,
    0.6935663633048534,
    0.6935687772929668,
    0.693560604006052,
    0.6935464888811111,
    0.693536389619112,
    0.6935447305440903,
    0.6935497857630253,
    0.6935467235744,
    0.693543054163456,
    0.6935484148561954,
    0.6935398764908314,
    0.6935418285429478,
    0.6935490146279335,
    0.693549919873476,
    0.6935482881963253,
    0.6935498043894768,
    0.6935469843447208,
    0.693546824157238,
    0.6935483850538731,
    0.6935478709638119,
    0.6935474425554276,
    0.6935476511716843,
    0.6935480274260044,
    0.6935480274260044,
    0.693548321723938,
    0.6935484446585178,
    0.6935483552515507,
    0.6935485601425171
  ],
  "val_acc": [
    0.494,
    0.494,
    0.494,
    0.494,
    0.494,
    0.494,
    0.494,
    0.494,
    0.494,
    0.494,
    0.494,
    0.494,
    0.494,
    0.494,
    0.494,
    0.494,
    0.494,
    0.494,
    0.494,
    0.494,
    0.494,
    0.494,
    0.494,
    0.494,
    0.494,
    0.494,
    0.494,
    0.494,
    0.494,
    0.494,
    0.494,
    0.494,
    0.494,
    0.494,
    0.494,
    0.494,
    0.494,
    0.494,
    0.494,
    0.494,
    0.494,
    0.494,
    0.494,
    0.494,
    0.494,
    0.494,
    0.494,
    0.494,
    0.494,
    0.494
  ],
  "test_loss": 0.7019318044185638,
  "test_acc": 0.49
}