{
  "train_loss": [
    0.7123225467114509,
    0.6927624073209642,
    0.6916171885743926,
    0.582496663437614,
    0.34273916237716434,
    0.22044365372084365,
    0.18649694087761867,
    0.16414867049153847,
    0.14958997061358223,
    0.15045420933939233,
    0.1251374354609583,
    0.11767112289237071,
    0.11059398680359503,
    0.10859645481068123,
    0.09399485859218278,
    0.0944204548303085,
    0.09361368707746645,
    0.08471101890259151,
    0.07508294346824854,
    0.07874836319986778,
    0.06821882803747549,
    0.07396807323528241,
    0.06185223185752012,
    0.06970774059337151,
    0.05017469742017079,
    0.04628314646078816,
    0.0495497004742015,
    0.04625144778880515,
    0.03797871756508852,
    0.0391176637922284,
    0.040425640466045354,
    0.03870923811558021,
    0.03440568197660054,
    0.03694929208465015,
    0.03487203383075568,
    0.03519351532258376,
    0.034556597365137144,
    0.03492129989015528,
    0.03330472643381056,
    0.030454414799408632,
    0.030815377293452635,
    0.027850963175296783,
    0.029107532920787417,
    0.03016754380085423,
    0.031417937642788586,
    0.03037331952518913,
    0.031481915957049786,
    0.029640817095207262,
    0.03278159554104639,
    0.031248546529655592
  ],
  "train_acc": [
    0.501,
    0.5129,
    0.5133,
    0.6871,
    0.8538,
    0.9157,
    0.9308,
    0.9393,
    0.946,
    0.9491,
    0.9577,
    0.9579,
    0.9624,
    0.9596,
    0.9673,
    0.9678,
    0.9658,
    0.9717,
    0.9722,
    0.9755,
    0.9759,
    0.9743,
    0.9785,
    0.9753,
    0.9815,
    0.9842,
    0.9826,
    0.9842,
    0.9872,
    0.9859,
    0.9857,
    0.9865,
    0.9878,
    0.9861,
    0.9871,
    0.988,
    0.9871,
    0.9879,
    0.9884,
    0.9897,
    0.9889,
    0.9906,
    0.9902,
    0.9888,
    0.9886,
    0.9892,
    0.9884,
    0.9898,
    0.9886,
    0.9887
  ],
  "val_loss": [
    0.6929534897208214,
    0.6936351358890533,
    0.6781341657042503,
    0.42018104903399944,
    0.24306958448141813,
    0.14937156252563,
    0.14400383550673723,
    0.11374304909259081,
    0.11525988299399614,
    0.11831120681017637,
    0.10366572020575404,
    0.09883611649274826,
    0.07826726487837732,
    0.08215690846554935,
    0.0767137196380645,
    0.10697117284871638,
    0.07278923422563821,
    0.07104581082239747,
    0.07334461412392557,
    0.06790858623571694,
    0.07602194184437394,
    0.08014432620257139,
    0.07186932768672705,
    0.07239611051045358,
    0.07843998342286795,
    0.07487275137100369,
    0.07558716728817672,
    0.07698750519193709,
    0.07552107697119936,
    0.07883519638562575,
    0.07349676854209974,
    0.07674728846177459,
    0.09040079230908304,
    0.08372285414952785,
    0.08873077249154449,
    0.08501355058979243,
    0.08470043528359383,
    0.08247801777906716,
    0.08329742099158466,
    0.08633330918382853,
    0.0848882645368576,
    0.08539553452283144,
    0.08911493455525488,
    0.0893735303543508,
    0.08924975688569248,
    0.08796785364393145,
    0.08757976291235536,
    0.08858951786532998,
    0.08545800158753991,
    0.08633291022852063
  ],
  "val_acc": [
    0.5125,
    0.4935,
    0.554,
    0.798,
    0.899,
    0.944,
    0.9455,
    0.9565,
    0.957,
    0.961,
    0.963,
    0.9625,
    0.9725,
    0.9755,
    0.978,
    0.9615,
    0.977,
    0.9815,
    0.98,
    0.9785,
    0.9765,
    0.979,
    0.98,
    0.979,
    0.978,
    0.9845,
    0.982,
    0.982,
    0.9855,
    0.984,
    0.986,
    0.984,
    0.9815,
    0.9835,
    0.984,
    0.985,
    0.985,
    0.9855,
    0.9855,
    0.9855,
    0.9855,
    0.985,
    0.985,
    0.9845,
    0.985,
    0.9855,
    0.9855,
    0.985,
    0.9855,
    0.9855
  ],
  "test_loss": 0.07708429836202413,
  "test_acc": 0.982
}