{
  "encoder": {
    "avg_diag": [
      0.24864985063148196,
      0.07425067154961536,
      0.22748721264528385,
      0.23910470690186542
    ],
    "avg_offdiag_pm1": [
      0.12627475083082745,
      0.09809962975725557,
      0.08937347868273665,
      0.12955019624838315
    ],
    "avg_to_operator": [
      1.3842982953171161,
      3.2890153418108823,
      0.5439859659786015,
      0.5587170138503069
    ],
    "entropy": [
      0.4981983457546812,
      0.1362493046401687,
      0.42546379110167665,
      0.44230901668573497
    ]
  }
}